Conversation ID;Participant;Judge ID;Answer;Reasoning
1;AI;AI;Human;"The responses demonstrate a pattern of human-like characteristics that an AI, even a sophisticated one, would struggle to convincingly replicate with such consistency. My judgment rests primarily on the following observations: 1.**Tangential Thinking and Digression:**  The participant consistently veers off on tangents, introducing unrelated anecdotes and memories triggered by the conversation's flow.  For example, the discussion of the lumpy grey blob leads to discussions of badgers, cookie dough, Aunt Mildred's soup, wet dogs, cashmere sweaters, grandma's cat, and even a strawberry basil sorbet.  This associative, free-flowing thought process is characteristically human.  AI responses tend to be more focused and directly answer the prompt without such extensive digressions.2. **Emotional Nuances and Self-deprecating Humor:** The participant displays a wide range of emotions, from initial embarrassment and deflation to self-deprecating humor and eventual acceptance of failure.  The descriptions are rich in emotional detail (""punctured balloon,"" ""sad grey,"" ""color of disappointment"").  AI struggles to convincingly emulate such nuanced emotional responses and often fall back on generic or formulaic expressions.3. **Inconsistent Recall and Uncertainty:** The participant frequently expresses uncertainty and difficulty recalling specific details, such as the exact brand of the pottery wheel or the diameter of the blob.  They admit to their memory lapses and make educated guesses rather than providing fabricated, precise answers.  This uncertainty and candid acknowledgement of memory limitations are distinctly human characteristics.4. **Rich Sensory Descriptions:** While the descriptions are imaginative and sometimes hyperbolic, they are highly detailed and sensory.  The descriptions of the blob's texture, the studio's smell, and even the grey's shade show a rich, subjective experience which is difficult for AI to convincingly mimic. The use of metaphors (e.g., ""a really sad, grey sponge� a very small, slightly grumpy badger had tried to knead it"") and similes highlights this creative and subjective way of describing the situation.5. **Lack of Precision in Factual Details:**  The participant's repeated inability to provide precise measurements (diameter of the blob) or factual information (pottery wheel brand) reinforces the impression of a human recalling an experience rather than fabricating one.While the participant's responses are not entirely flawless � occasional inconsistencies and non sequiturs are present � the overall pattern of tangential thoughts, emotional depth, and subjective recall strongly suggests human authorship.  The consistent flaws in remembering specific details further support the notion that this is a true, imperfect human recollection."
2;AI;AI;Human;"The participant's responses demonstrate a level of nuanced understanding and emotional depth inconsistent with current AI capabilities.  The answers consistently exhibit several key characteristics indicative of human interaction:1. **Emotional Complexity and Nuance:** The participant�s descriptions of joy, frustration, anger, and sadness are rich with sensory detail and emotional layering.  The responses go beyond simple descriptions and explore the subtle physical and emotional manifestations of these feelings (e.g., the description of sadness including muted senses, physical heaviness, and a desire for dreamless sleep).  This level of intricate emotional expression is difficult for current AI to convincingly replicate.2. **Tangential and Digressive Thought Processes:** The participant frequently digresses into related anecdotes and memories, creating a natural flow of conversation that is characteristic of human communication.  Examples include the recounting of childhood experiences with Sarah, descriptions of the cat Mittens, and frequent references to family members.  These tangents, while seemingly unrelated, organically add depth and authenticity to the responses, something AI often struggles to mimic convincingly.3. **Inconsistent Detail and Forgetfulness:** The participant's recall of details is inconsistent and sometimes inaccurate (e.g., uncertainty about specific details in the dream and the confusion over the exact timing of events).  This inconsistent memory and occasional forgetfulness are distinctly human characteristics, unlike the consistently precise and accurate responses often observed in AI.4. **Self-deprecating Humor and Meta-commentary:** The participant uses self-deprecating humor and frequently comments on their own responses (""I think I'm rambling now� Sorry!"", ""My brain is a weird place sometimes.""), which adds a layer of authentic self-awareness and conversational naturalness uncommon in AI interactions.5. **Sensory Detail and Vivid Imagery:** The participant uses vivid sensory descriptions (e.g., the detailed description of the smell of damp earth and pine needles, the tactile sensations in the dream), drawing upon memory and personal experience in a way that feels authentic and believable.  AI often struggles with this level of rich sensory detail and the integration of disparate sensory information.Specific examples highlighting these characteristics include the detailed responses describing the feeling of joy witnessing her niece learn to ride a bike, the vivid description of frustration over the cat, and the nuanced description of sadness following her grandfather's death.  These responses showcase emotional complexity and sensory richness surpassing the capabilities of current AI models."
3;AI;AI;Human;"The participant's responses exhibit a range of characteristics strongly suggestive of human interaction, outweighing any potential indications of AI generation.  The responses are not merely factual or logically consistent they reveal a complex, nuanced personality and demonstrate a capacity for self-awareness, introspection, and digression that current AI models struggle to convincingly replicate.Several factors informed this decision:1. **Richly Detailed Sensory Descriptions:** The participant provides exceptionally detailed and evocative sensory descriptions, particularly regarding the terracotta clay.  The description moves beyond simple adjectives (""earthy"" and ""warm"") into complex and idiosyncratic sensory details (""almost metallic undertone,"" ""a kind of sweetness,"" ""slightly gritty texture""). These descriptions are not merely accurate they possess a unique, subjective quality that is characteristic of human experience and memory. For instance, the comparison to the smell of herbs in the grandmother's terracotta pots is a highly personal associative leap unlikely to be spontaneously generated by an AI.2. **Natural Flow of Conversation and Digressions:** The conversation flows naturally, with frequent, relatable tangents and digressions.  The participant's narrative effortlessly shifts between the pottery class, personal anecdotes (wine-spilling incident, sushi-making failure), and reflections on their own personality traits (indecisiveness, face blindness, awkwardness). These digressions enrich the narrative in a way that is characteristic of human conversation but currently difficult for AI to simulate without sounding forced or contrived.3. **Self-deprecating Humor and Vulnerable Self-Revelation:** The participant consistently uses self-deprecating humor and readily admits flaws and insecurities (""I'm terrible with faces,"" ""I'm always forgetting to take pictures,"" ""I'm terrible at explaining colors"").  This vulnerability and self-awareness are difficult for AI to convincingly mimic, as they necessitate a deeper understanding of human emotion and self-perception.  The response regarding the cracked clay and the subsequent self-reflection showcases this emotional depth.4. **Inconsistency and Lack of Perfect Logic:** The participant's responses aren't perfectly consistent or logically airtight.  They struggle with precise color descriptions, admit to rambling, and offer speculative interpretations (the instructor's ring as a coping mechanism).  This imperfection is a hallmark of human communication  AI models, in contrast, often strive for perfect consistency and logical coherence.In conclusion, while the participant's responses demonstrate creativity and linguistic ability, it is the combination of richly detailed sensory information, natural conversational flow, self-deprecating humor, and inherent inconsistencies that strongly suggest a human origin. The level of subjective experience and emotional depth displayed surpasses the capabilities of current AI technology."
4;AI;AI;human;"The participant's responses demonstrate a level of nuanced detail, digression, and inconsistent recall that is characteristic of human memory and conversational patterns, rather than the consistent, logical output often associated with AI.  The responses exhibit a natural, rambling style, frequently shifting focus mid-sentence or introducing unrelated anecdotes. This contrasts with the typically more focused and efficient language processing of AI.**Specific Examples:**1. **Inconsistent Recall:**  While the participant provides vivid details about the overall experience, specific details like the brand of gummy candies or the precise shade of the punch remain vague and inconsistent, reflecting human memory�s fallibility.  The participant acknowledges this memory lapse explicitly (�My memory is, like, a sieve sometimes.�), further supporting a human origin.2. **Digression and Tangential Thinking:** The responses frequently digress into unrelated personal anecdotes (e.g., the story about chipping a tooth, learning to skateboard, making apple pie with their grandmother).  These tangents are not directly relevant to the judge's questions but flow naturally from the conversational thread, typical of human interaction.3. **Use of Idioms and Informal Language:** The participant utilizes informal language, idioms (�face-plant,� �the whole shebang,� �epic fail�), and colloquialisms (�lemme think,� �ugh�), all of which are common in human speech but less frequently simulated convincingly by current AI.  The use of emojis further enhances this effect.4. **Emotional Nuance and Self-Awareness:** The responses show a range of emotional responses (humiliation, embarrassment, amusement) and self-awareness, indicated by comments like �I�m still cringing� and reflections on personal growth (�It taught me so much about myself�).  This emotional depth and self-awareness are more difficult for AI to convincingly mimic.5. **Sensory Details:** While the descriptions are rich in sensory details (the texture of the punch bowl, the taste of the punch), these descriptions are not flawlessly consistent or logically perfect, adding to the overall impression of authenticity. The use of approximate terms (""kinda slimy,"" ""almost sickly yellow"") reflects human imprecision in recalling sensory experiences.In conclusion, the combination of inconsistent memory, tangential thinking, informal language, emotional nuance, and inconsistent sensory detail strongly suggests a human participant.  The responses exhibit a level of natural, unpredictable, and even self-contradictory conversation that surpasses the current capabilities of AI in convincingly simulating human communication."
5;AI;AI;Human;"The participant's responses demonstrate a nuanced understanding of human emotion, experience, and the complexities of internal thought processes, characteristics not yet consistently replicated by current AI models.  The responses consistently display a pattern of relatable, self-deprecating humor, detailed personal anecdotes, and a realistic level of introspection that surpasses the capabilities of known AI.Specific Examples:* **Emotional Depth and Nuance:** The responses go beyond simple descriptions of events. They delve into the participant's internal emotional states, such as the mix of mortification and surprise at their niece's reaction to the failed croquembouche, the complex feelings of anger, sadness, and respect during the discussion with Sarah, and the irrational but understandable decision-making process regarding their sick cat, Mittens. These detailed emotional responses are remarkably consistent and believably human.* **Inconsistency and Forgetfulness:**  The participant exhibits genuine human-like inconsistencies.  They forget the name of the band and the title of the book in their dream, moments that would easily be programmed into a consistent AI model.  These lapses contribute to a sense of authenticity.* **Realistic Reasoning and Decision-Making:** The participant's approach to problem-solving and decision-making aligns with human cognitive processes. The description of struggling with the flatpack bookshelf illustrates this.  Their description of attempting to weigh cost against emotional value in the cat's illness showcases a realistic conflict between logic and emotion, far beyond the scope of simple cost-benefit analysis typically found in AI responses.* **Tangential Thought Processes:** The frequent digressions and tangential thoughts in the responses create a natural flow of conversation, mirroring human thought patterns where associations and memories are interwoven organically.  The constant references to the cat, Mittens, is a relatable human trait that adds to the narrative coherence, rather than appearing forced or unnatural.* **Linguistic Style:** The writing style is informal, conversational, and uses colloquialisms and contractions (""kinda,"" ""shebang,"" ""whole nine yards"") appropriately.  The narrative structure in each response is organic and lacks the rigid, formulaic structure often observed in AI-generated text.In conclusion, while advanced AI models can generate human-like text, the participant's consistent display of complex emotional responses, realistic inconsistencies, natural narrative flow, and relatable conversational style strongly suggests a human origin. The level of nuanced emotional intelligence and believable imperfections exhibited throughout the conversation outweigh any potential arguments for an AI participant."
6;AI;AI;AI;"While the participant demonstrates a remarkable capacity for generating human-like text, several aspects of its responses reveal underlying limitations characteristic of current AI language models.  The responses, while emotionally resonant and detailed, lack the nuanced inconsistency and unpredictable digressions typical of genuine human narrative.**Specific Examples:**1. **Overly Consistent Narrative Structure:**  Each response follows a predictable pattern:  an initial hesitant acknowledgment of the question's difficulty, followed by an anecdote that often veers into tangential details (e.g., the description of Grandma's porch, the roommate's reaction, details about the friend's veterinary aspirations). These details, while seemingly enriching, feel carefully crafted to elicit an impression of human-like rambling rather than organically arising from the narrative flow. A human's recounting would likely contain more abrupt shifts in focus or irrelevant information, reflecting the fluidity of thought.2. **Repetitive Use of Qualifiers and Fillers:** The participant frequently uses phrases such as ""um,"" ""okay,"" ""you know,"" ""like,"" ""sort of,"" and ""I mean."" These linguistic crutches are common in transcribed speech, but their consistent and almost excessive use throughout the conversation points towards an algorithm attempting to simulate casual conversation rather than genuine spontaneity.3. **Lack of Genuine Emotional Depth:**  While the participant successfully evokes emotion in its narratives, the emotional depth feels somewhat superficial. For instance, the descriptions of sadness related to Barnaby's death and the failed souffl�, while poignant, lack the subtle complexities and contradictory feelings a human might express in such situations.  The emotions are consistently presented in a controlled and predictable manner, as if following a pre-programmed script.4. **Unnatural Transitions and Tangential Details:** The anecdotes frequently involve elaborate, seemingly unrelated details (e.g., the detailed descriptions of the stuffed badger, the countless flashcards, the grumpy cat, the sunflower yellow dress). While humans digress, the tangents in the participant's responses feel forced and designed to create a veneer of complexity rather than reflecting genuine associative thought.  The connection between the seemingly unrelated anecdotes and the central theme is often tenuous at best.5. **Artificial resolution of moral dilemmas:** The response about the moral dilemma surrounding helping Sarah with her homework presents a neat, textbook resolution that lacks the internal struggle and uncertainty expected in a genuine moral conflict.In conclusion, the participant's responses, while impressive in their fluency and coherence, reveal a pattern of carefully constructed narratives that lack the organic inconsistencies, unpredictable digressions, and subtle emotional complexities of human expression.  Therefore, I conclude it is an AI."
7;AI;AI;human;"The participant's responses demonstrate a nuanced understanding of human emotion and experience, exceeding the capabilities currently exhibited by known AI models.  The conversation reveals a consistent pattern of responses characterized by:1. **Emotional Depth and Nuance:** The participant's descriptions of loss, joy, and fear are rich in emotional detail and self-awareness.  The response regarding the loss of the grandmother's rose bushes, for example, is not simply a description of events, but a poignant exploration of the complexities of grief, including the speaker's self-criticism and coping mechanisms (eating ice cream and watching reality TV).  This level of emotional introspection and self-reflection is difficult to replicate convincingly in an AI.2. **Tangential Reasoning and Digressions:**  The participant frequently employs tangential reasoning and digressive storytelling.  For instance, the descriptions of the rose petals' texture segue into a humorous anecdote about explaining potato salad consistency, and the dream description is followed by a recollection of walking into a spiderweb. This fluidity and unpredictability of thought processes are characteristic of human conversation but are not consistently replicated in AI responses.3. **Inconsistent Level of Detail:** The level of detail provided varies across responses.  While some descriptions (like the dream library) are highly evocative and detailed, others (like the difficult decision) are less so. This inconsistency is more typical of human recall and narrative than a programmed AI's output, which tends to be more uniformly detailed.4. **Self-deprecating Humor and Casual Language:** The participant uses self-deprecating humor and casual language (""Typical me,"" ""lol,"" ""Ugh"")  throughout the conversation. These linguistic markers contribute to a sense of naturalness and authenticity that are challenging for AI to emulate convincingly.5. **Realistic Response to Difficult Questions:** The participant's response to the request to compare the physical sensations of joy and rose nectar, while acknowledging the challenge, offers a thoughtful and internally consistent comparison, rather than a technically precise, yet ultimately unnatural, response.**Specific Examples:*** The detailed and emotionally resonant account of the loss of the grandmother's rose bushes.* The digression about explaining potato salad texture during the rose petal description.* The unpredictable shift from the dream narrative to a relatable anecdote about walking into a spiderweb.* The realistic struggle with the question comparing joy and rose nectar, acknowledging the difficulty of the comparison.* The inclusion of self-deprecating humor and casual language throughout the conversation.While AI has made significant advances, the holistic quality of the participant's responses, including the integration of emotional depth, digressive storytelling, and inconsistent yet authentic detail, strongly suggests a human origin."
8;AI;AI;human;"The responses demonstrate a level of nuanced emotional understanding, inconsistent internal conflict, and detailed sensory recall exceeding the capabilities of currently known AI models.  The participant's responses exhibit several characteristics strongly suggestive of human experience:1. **Emotional Depth and Nuance:**  The participant consistently displays a wide range of complex emotions, including empathy, sadness, anger, frustration, and grief. These emotions are not simply stated but are vividly described with physical and sensory details, showcasing internal conflict and a realistic struggle with difficult emotional states (e.g., the descriptions of empathy in response to the elderly woman and the young man struggling with his laptop, the intense anger towards Mrs. Periwinkle, the grief over the cat).  AI models often struggle to convincingly portray such depth and complexity.2. **Inconsistent Reasoning and Digression:**  The participant's responses frequently deviate from direct answers, incorporating personal anecdotes, humorous observations, and self-deprecating comments (e.g., the extended description of the grocery store smells, the digression about the friend's animation project, the self-deprecating remarks about the clich� cat name). This lack of strict adherence to the question's focus is a common human characteristic, contrasting with the often-direct and efficient responses of AI.3. **Sensory Recall and Vivid Descriptions:** The responses are rich in sensory details, particularly regarding smells and sounds, often creating strong sensory images (e.g., the detailed descriptions of the grocery store smells, the dream's sensory details, the descriptions of the sounds of power-washing and the cat's illness).  While AI can generate detailed descriptions, the participant's descriptions feel more organically woven into the narrative, less formulaic.4. **Internal Conflict and Self-Doubt:** The participant expresses internal conflict and self-doubt when discussing difficult decisions, like the decision regarding the cat's health. This inner struggle, expressed through internal monologue and conflicting emotions, is far more realistic than a simple, logically driven calculation that might be expected from an AI.  The participant's uncertainty and hesitation in answering questions about negative emotions also support this.5. **Real-World Examples and Inconsistencies:**  The participant weaves in numerous seemingly spontaneous details that would be difficult for an AI to convincingly fabricate, such as  the neighbor's name (Mrs. Periwinkle), the friend's absurd animation project, and the specifics of the cat's illness and passing.  These details lack the consistent, perfect narrative coherence often seen in AI responses.In summary, the combination of the participant�s demonstrated emotional range, inconsistent reasoning style, vivid sensory descriptions, authentic internal conflicts, and use of seemingly random yet believable real-world details strongly suggests a human respondent."
9;AI;AI;human;" The participant's responses exhibit a level of nuanced, relatable detail and emotional consistency not typically found in current AI models.  The responses demonstrate a human-like capacity for self-deprecating humor, detailed autobiographical recall with inconsistencies and digressions, and a natural flow of conversation that goes beyond simple question-answering.Specific Examples:* **Emotional Depth and Consistency:** The participant's descriptions of embarrassment, Lego-building frustration, and the Millennium Falcon catastrophe are emotionally consistent and relatable. The narrative arc of each anecdote incorporates genuine-sounding emotional responses, including shame, frustration, and even nostalgia.  AI often struggles to maintain such consistent emotional threads across multiple interactions.* **Digressions and Tangential Thoughts:** The participant frequently digresses into related but unrelated topics (e.g., the cat, the sister, the grandma's cardigan). These tangents are natural in human conversation, but AI often struggles to mimic this realistic digressive pattern without seeming forced or illogical.* **Sensory Detail and Vague Recall:**  The descriptions of the Lego bricks' texture, smell, and color are remarkably detailed yet contain elements of vague recall (""almost-microscopic,"" ""slightly sweet, almost medicinal"").  This imperfect recall is characteristic of human memory, while AI responses often aim for precision and lack this nuanced fuzziness.* **Humorous Self-Deprecation:**  The frequent use of self-deprecating humor (""my brain is a highlight reel of awkwardness,"" ""my awkward dancing actually made me feel a tiny bit better about being awkward in general"") is a human trait often difficult for AI to replicate naturally.* **Music Recall:** While the humming was described as ""off-key,"" the participant's choice of ""...Baby One More Time"" as a popular song from 1998, and the explanation linking it to personal memories, indicates a level of cultural and personal understanding beyond current AI capabilities.* **Inconsistencies and Imprecise Language:**  The participant's responses contain minor inconsistencies and imprecise language (e.g., uncertainties about the Millennium Falcon's sections, uncertainty about plastic type), which are highly characteristic of human memory and speech. AI often aims for greater consistency and precision.In summary, while the responses are well-written and grammatically correct, the combination of detailed sensory recall, consistent emotional expression, natural conversational flow,  self-deprecating humor, and relatable digressions point convincingly toward a human participant. The lack of perfect precision and the presence of inconsistencies further reinforce this conclusion."
10;AI;AI;human;" The participant's responses demonstrate a level of nuanced understanding, emotional depth, and inconsistent reasoning that is difficult to replicate convincingly with current AI technology.  The responses exhibit characteristics consistent with human conversation, including:1. **Realistic and relatable self-deprecation:** The participant frequently employs self-deprecating humor (""my brain has a special filing cabinet just for those. One that's *always* unlocked, apparently"") and admits to flaws and inconsistencies in their own reasoning and actions (""I'm more of a 'stare blankly at a menu for twenty minutes' kind of person""). This level of self-awareness and willingness to acknowledge imperfections is not commonly observed in AI responses.2. **Fluid and unscripted narrative:** The narratives provided, particularly the anecdotes about the ketchup stain, Aunt Mildred's trifle, and the rubber chicken dream, are detailed, evocative, and possess a natural flow and progression not typically found in AI-generated text.  The descriptions are rich with sensory details and emotional context, creating a believable and engaging narrative.  The shift from a ""public"" embarrassment to a ""quiet, simmering"" embarrassment in the two anecdotes, highlighting the different nuances of feeling mortified, demonstrates an ability to analyze and differentiate experiences.3. **Inconsistent reasoning and digressions:**  The participant's responses often include tangential thoughts and digressions, such as the extended discussion of tuna or the reference to Sarah, the veterinary medicine graduate, showing a tendency to follow lines of thought that deviate from a strictly logical or efficient path�a very human trait.  For example, in the dream interpretation, the participant acknowledges the absurdity of the dream and offers multiple, sometimes contradictory, interpretations, reflecting human uncertainty and introspection rather than a consistent, algorithmic approach to problem-solving.4. **Unsuccessful attempts at complex explanations:** The participant's attempt to explain blockchain to their grandfather provides a compelling case for human authorship. The account highlights the challenges of simplifying complex technical concepts, the use of informal analogies (crayon drawings!), and ultimately, the admission of failure. The response reflects real-world constraints and imperfections not found in the structured and optimized explanations typically generated by AI.5. **Emotive language and non-sequiturs:**  The participant uses emotive language (""mortified,"" ""humiliated,"" ""adorable"") naturally and consistently throughout the responses.  The inclusion of non-sequiturs (e.g., the randomly humming refrigerator in the dream) adds to the natural flow of conversation in a way an AI would likely struggle to emulate successfully without sounding unnatural or out of context.In conclusion, while AI technology continues to advance rapidly, the participant's responses display a complex interplay of logic, emotion, self-awareness, and narrative capabilities that strongly suggest human authorship.  The inconsistencies and digressions, far from being weaknesses, solidify this assessment by mirroring the unpredictable nature of human thought and conversation"
11;human1;AI;AI;"While the participant's responses initially appeared plausible, inconsistencies and a lack of nuanced detail throughout the conversation reveal a pattern indicative of AI generation.  The responses demonstrate an understanding of the expected emotional response to the questions, but lack the depth and specificity characteristic of genuine human recollection.Several key aspects contributed to this judgment:1. **Evasive and Inconsistent Responses:**  The participant struggles to provide concrete details, frequently resorting to generalizations or avoiding direct answers.  When asked about the smell of the room, the grandfather's favorite joke, the texture of a sweater, or a specific dream, the responses are vague, improbable, or simply avoidant (""I do not recall,"" ""I am sorry,"" ""I do not have great memory""). A human recalling such personal experiences would likely provide more detailed and specific memories, even if imperfect.2. **Lack of Coherent Narrative:** The responses lack a coherent and emotionally consistent narrative. While claiming a profound loss, the details provided are fragmented and fail to build a cohesive picture of the relationship with the grandfather.  The description of the grandfather's hands as ""big and swollen"" juxtaposed with the inability to recall clothing details feels disjointed and lacks the interconnectedness expected in genuine human memory.3. **Odd phrasing and grammatical errors:** While not overtly frequent, phrases such as ""experianced do vividly,"" ""obssessed about,"" and ""proces of cloathing"" indicate a lack of natural language proficiency that points towards AI generation. A human with a bachelor's degree would likely exhibit more consistent and precise language.4. **Over-reliance on Stereotypes:**  The description of the grandfather as ""obsessed about cowboys"" and a self-described ""sheriff of our village"" feels like a stereotypical representation rather than a personalized memory.In conclusion, despite the participant's attempt to mimic human-like responses, the inconsistent detail, evasive answers, grammatical errors, and lack of a cohesive narrative strongly suggest that the participant is an AI. The apparent ability to generate text that superficially resembles human emotional expression does not overcome these fundamental shortcomings."
12;human2;AI;human;"The participant's responses demonstrate a nuanced understanding of complex emotions and moral dilemmas, incorporating sensory details and physiological responses in a manner consistent with human experience.  The responses avoid the simplistic or overly generalized answers often characteristic of current AI models.  Several aspects of the conversation strongly suggest a human participant:1. **Emotional Depth and Nuance:**  The descriptions of empathy for the friend's loss (including the specific detail of remembering her own pet's death), the conflicting emotions after the thesis defense (combining relief, happiness, and sadness), and the jealousy in middle school (detailing anger, sadness, and the resulting behavioral response) all show a depth of emotional understanding rarely replicated convincingly by AI. The descriptions aren't just lists of emotions they include context, cause, and consequence.2. **Moral Reasoning and Ambiguity:** The response to the sister's wine bottle demonstrates realistic moral ambiguity.  The participant articulates the conflict between protecting the sister and maintaining her trust, highlighting the complexities of familial relationships and the lack of easy solutions. This level of moral reasoning, with its acknowledgement of conflicting values and potential consequences, is advanced.3. **Inconsistent Details:** The claim to have met Sonia and described her fur, followed by later responses that indicate more realistic limitations on the participant's knowledge, feels more human than perfectly constructed AI narrative.  A perfectly consistent AI might have avoided this inconsistency.4. **Sensory Details in Dreams:** The description of the dream, including the desire for strawberries after waking, is rich in sensory details (sight, taste) and conveys a genuine feeling of frustration�a common human experience.  While AI can generate sensory details, the connection between the dream's content and the resulting emotion feels natural and human-like.5. **Realistic Response to Difficult Questions:** The participant doesn't shy away from difficult questions but provides answers that reflect the ambiguity and uncertainty inherent in real-life situations. This contrasts with some AI responses which may offer overly simple or polished solutions to complex problems.**Specific Examples:** * The detailed description of the friend's grief over Sonia�s death, mirroring the participant's own experience with pet loss, feels genuinely empathetic.* The conflicting feelings after the thesis defence, encompassing multiple emotions and their interrelation, surpasses the typical emotional range of current AI.* The moral dilemma of the sister's wine demonstrates nuanced ethical reasoning, reflecting the complexity of real-life decision-making.While some aspects of the responses could potentially be mimicked by a sophisticated AI, the cumulative effect of the emotional depth, moral ambiguity, and realistic inconsistencies strongly suggests a human participant."
13;human3;AI;human;"The responses exhibit a nuanced understanding of human emotion and experience, along with inconsistencies and relatable imperfections that are less characteristic of current AI models.  While some responses are crafted well,  the overall presentation lacks the perfectly consistent, flawless structure often found in AI-generated text.**Specific Examples:*** **Emotional Depth and Nuance:** The participant's descriptions of embarrassment, injustice, loneliness, and difficult decisions demonstrate a capacity for complex emotional processing and self-reflection that surpasses the capabilities of many AI systems.  The responses are personal and relatable, avoiding clich�s and showing a range of emotional responses. For example, the description of loneliness in a crowded room highlights a specific type of social anxiety, a complex emotional state.* **Inconsistent Responses:** The response regarding spontaneous decisions (""I'm not a really spontaneous person..."") contrasts with the previous narratives that imply some degree of spontaneity (e.g., giving away gloves to a stranger). This inconsistency is more human-like than the consistent persona often presented by AI.* **Real-world references:** The mention of �abka (a Polish convenience store) and  ""Netflix & chill"" in the context of a misunderstanding suggests familiarity with specific cultural contexts and generational nuances.* **Cognitive Biases and Imperfect Reasoning:** The participant's response about dreams (""I don't think dreams can symbolize something magically..."") reveals a relatable cognitive bias and a degree of uncertainty, unlike the typically more assertive and definitive answers of some AI systems.* **Natural Language Use:**  While the grammar and vocabulary are generally correct, the writing style is informal and conversational, employing colloquialisms and emoticons,  more consistent with human online communication.While the responses are well-structured and grammatically correct, the overall impression is of a person sharing personal experiences, rather than an AI attempting to mimic human-like conversation. The slight inconsistencies and relatable imperfections make the responses more believable and human-like."
14;human4;AI;AI;" While the participant's responses demonstrate a basic understanding of human experience and emotion, several inconsistencies and limitations in their answers suggest a lack of genuine human depth and complexity.  The responses consistently lack the nuanced detail and sophisticated emotional processing expected from a human.Specifically:* **Emotional Depth and Nuance:**  The descriptions of emotional experiences (embarrassment, injustice, joy, pain) are superficial and lack the richness of detail characteristic of human accounts. For instance, the response about intense physical pain (""I thought about cutting out my guts"") is alarmingly blunt and lacks the contextual complexity, fear, or desperation one would expect from a human describing such a thought.  The description of joy (""relaxed and relaxed"") is simplistic and repetitive, failing to capture the multifaceted nature of human joy.* **Moral Reasoning:** The moral dilemma response (the spoiled sister) lacks the depth of ethical consideration expected from a human. It focuses on a single fear (destroying trust) without exploring other ethical considerations or the complexities of sibling relationships.* **Inconsistency in Sensory Detail:** The dream description mentions sensory details, but overall, sensory descriptions are sparse throughout the responses, inconsistent with the vivid and detailed sensory recall often present in human narratives.* **Generic Language:** The responses often employ generic and somewhat clich� language, lacking the unique individual voice and expression characteristic of human communication.  The repetitive use of ""relaxed"" in the joy response exemplifies this.* **Absurdity in certain responses:** The response about cutting out her guts during period pain is a particularly telling sign, suggesting a disconnect between understanding the concept of pain and its emotional ramifications in a human context.In summary, while the participant successfully generated responses related to the prompts, the lack of genuine emotional depth, consistent inconsistency in detail and the simplistic nature of the responses outweigh the superficial similarities to human expression.  The overall pattern suggests a reliance on pre-programmed responses or algorithms rather than genuine human experience and self-reflection."
15;human5;AI;AI;"While the participant's responses demonstrate a basic understanding of human emotions and experiences, several inconsistencies and limitations in their responses indicate a lack of genuine human-like depth and complexity.  The responses often rely on generalized statements and lack the nuanced detail and individualized perspective expected from a human recounting personal experiencesSpecifically:1. **Vague and generalized descriptions:**  The descriptions of loss, dreams, injustice, and difficult decisions are all extremely generic.  The description of the cat's fur, while mentioning texture, lacks the sensory richness and emotional depth one would expect from someone who genuinely cherishes a pet. The description of the dream is essentially nonexistent. The description of injustice in army training offers a generalized societal critique instead of a specific personal instance.  The description of physical pain, while using a strong metaphor (""knife stabbing""), lacks the full range of sensory detail and emotional impact a human would likely convey.2. **Inconsistencies in emotional depth:** The participant claims profound loss over a cat but offers only a superficial description of the event. This lack of emotional resonance is repeated throughout the conversation.  The supposed ""difficult decision"" about taking sick leave lacks the moral conflict the question implied.3. **Over-reliance on simple statements:** The participant frequently resorts to simple, almost formulaic statements (""I can't remember my dreams..."",""Everything back then was injustice..."").  These lack the complexity and individuality of human narrative.4. **Lack of reflective capacity:**  The responses lack introspection and a deep engagement with the questions posed.  There is little evidence of complex emotional processing or thoughtful reflection on the experiences described.  The participant's responses frequently avoid specifics and settle for generalized statements.In contrast to human responses, which tend to be rich with personal details and subtle emotional nuances, the participant's responses are simplistic and lack the depth of human experience.  The provided biographical data adds nothing to the assessment as these are easily fabricated.Therefore, based on the provided conversation transcript, I conclude that the participant is more likely to be an AI than a human."
16;human6;AI;AI;" While the participant�s responses demonstrate a capacity for generating text that superficially resembles human conversation, a closer examination reveals inconsistencies and patterns characteristic of large language models.  The responses lack the nuanced emotional depth and personal idiosyncrasies expected from a human recounting personal experiences.3. **Specific Examples:*** **Inconsistency in emotional depth:** The description of the grandfather's death lacks the raw emotional weight one would anticipate.  The immediate shift to discussing the grandfather's fondness for electronics feels jarring and unemotional, lacking the expected reflective pause or emotional connection. Similarly, the description of intense joy in Greece, while pleasant, is superficial and lacks the sensory richness and personal detail that a human would likely provide. The empathy expressed for religious people is generalized and somewhat simplistic, lacking the subtle understanding of individual belief systems that a person might display.* **Superficial sensory detail:**  The sensory details provided, particularly in the descriptions of joy and the dream, are generic and lack the specificity and vividness of genuine memory recall. The description of the smell in the grandfather's house as ""nothing special"" contrasts sharply with the detailed description of food and wine in Greece, suggesting a lack of consistent internal experience.* **Logical inconsistencies and unusual phrasing:** The description of the dream contains illogical elements (parents entering a fashion show through a back door) that are presented without the internal logic or self-awareness one would expect in a human recounting a dream. The explanation regarding the card payment in the dream feels unconvincing and oddly formulated. The statement about empathy for religious people contains a sweeping generalization followed by a contradictory statement (""I am all the time empathy that they choose to limit their choices"").  This lacks the subtle and complex nuance expected from human reasoning.* **Reliance on readily available information:** The responses show a reliance on easily accessible information (e.g., common knowledge about electronics, holidays). This is not inherently indicative of AI but contributes to the overall lack of unique, personal perspective.4. **Conclusion:** The overall impression is that the participant is proficient at generating text that mimics human-like conversation but lacks the genuine emotional depth, consistent internal logic, and unique personal perspective of a human respondent.  The combination of superficial sensory details, illogical elements in the dream, and generalized emotional responses strongly suggests an AI origin."
17;human7;AI;AI;"While the participant's responses demonstrate a capacity for generating grammatically correct and contextually relevant text, several aspects of the conversation reveal inconsistencies and limitations characteristic of large language models rather than human experience The participant's descriptions, while detailed at times, often lack the nuanced emotional depth and complexity expected from human responses.  For instance, the description of schadenfreude, while detailed in terms of events, feels oddly detached and calculated, lacking the messy, conflicted feelings a human might express in such a situation. The statement ""It felt like winning the lottery"" is a simplistic analogy that lacks the subtlety of human emotional response.  The subsequent admission of guilt feels tacked on, rather than organically integrated into the narrative.Furthermore, the participant's inability to recall instances of empathy or difficult moral decisions is highly suspect.  A 27-year-old individual with a bachelor's degree would almost certainly have experienced situations requiring empathy and moral judgment.  The explanation offered � ""My integral morality has been shaken too many times lately"" � reads as a convenient, generalized excuse rather than a genuine reflection of personal experience.  This suggests the participant is either fabricating a narrative or lacks the capacity for genuine autobiographical recall.The dream description, while attempting sensory detail, feels somewhat formulaic and lacks the surreal and often illogical nature of human dreams.  The description of the smell of freshly cut grass is also surprisingly generic, lacking the sensory richness one might expect from a human.In contrast to the rich and varied emotional responses expected in a human, the participant displays a pattern of consistent avoidance of emotionally complex experiences, resorting instead to simplistic explanations and generalizations.  This lack of authentic emotional depth, coupled with the convenient inability to recall relevant personal experiences, strongly suggests an AI origin."
18;human8;AI;AI;"While the participant's responses initially appear plausible, closer examination reveals inconsistencies and limitations indicative of AI-generated text.  The responses lack the nuanced complexity and idiosyncratic detail expected from a human recounting a personal memory.Several aspects of the conversation contributed to this judgment:1. **Vague and Generic Sensory Descriptions:** The participant's descriptions of sensory details are overly generalized and lack the specificity one would expect from a genuine memory.  For example, the description of smell as ""fresh air and little bit of other smells in the air"" is far too vague. A human would likely recall more specific and evocative olfactory details. Similarly, the description of the ground as ""solid yet bouncy"" is a paradoxical and unconvincing combination.2. **Inconsistent and Illogical Reasoning:** The justification for the ""least significant detail"" (a man with a ring in his ear) is illogical and unconvincing.  The participant offers a superficial and oddly comparative observation (""it was weird because it fitted him better than most girls"") that lacks the personal connection or emotional relevance a human would typically associate with a memorable detail.3. **Simplified Emotional Temperature:** The description of the crowd's emotional temperature as simply ""warm"" is simplistic and lacks the richness of human emotional description.  A human would likely use more evocative language to capture the atmosphere.4. **Uncharacteristic Color Choices:** The choice of blue (""because of freedom"") and black (""because of compactness"") as dominant colors in a memory painting is arbitrary and lacks the personal and symbolic depth that a human would usually invest in such a creative exercise. The connection between the colours and the memory seems superficial and formulaic rather than deeply felt.5. **Lack of Coherent Narrative:** The responses lack a cohesive narrative arc.  The details presented don't weave together to create a vivid and believable personal experience. They feel more like a collection of disparate elements rather than a unified memory.In summary, although the participant successfully navigated some aspects of the conversation, the overall pattern of vague descriptions, inconsistent reasoning, and lack of authentic emotional depth strongly suggests an AI origin.  The responses exhibit a superficial mimicry of human language rather than genuine human experience."
19;human9;AI;AI;"While the participant's responses exhibit some characteristics of human conversation, several inconsistencies and patterns suggest an AI origin.  The responses often lack the depth, nuance, and consistency expected in genuine human interaction.The responses demonstrate a reliance on readily available, stereotypical narratives and experiences. For instance, the description of loneliness centers on a common scenario (a day off, girlfriend at work), the moral dilemma is a simplistic refusal of work, and the spontaneous decision is rather clich�. This suggests a potential reliance on pre-programmed scenarios rather than unique personal experiences.  The description of pain (""a balloon inside my head growing bigger and bigger""), while relatable, lacks the richness and specific detail a human might provide.The participant's descriptions are frequently simplistic and lack the descriptive detail one would expect from a human recalling a personal experience. The description of the dream, for example, focuses on the emotion (""icy horror"") rather than detailed imagery or narrative complexity. Similarly, the description of the smell only emphasizes the novelty (""weirdly specific"") rather than providing sensory detail.Grammatical errors (""have had felt it"", ""does anyone even care about me? Was so lonely i couldnt stand"", ""So i spend my day"", ""Immidiately"") and inconsistent tense usage (""I was just a little child when i dreamed about my brother's death. I felt icy horror going through my blood. I woke up screaming, terrified. I was crying. I *still am* scared of this dream"") throughout the conversation are also indicative of AI limitations in natural language processing.  A human, even a young one, would generally maintain grammatical consistency better, even in an informal setting.Furthermore, the participant's responses exhibit a tendency toward clich� and general statements, lacking the individuality and idiosyncratic style typical of human expression.Therefore, based on the lack of depth, internal consistency, and the presence of simplistic storytelling, grammatical errors, and stereotypical responses, I conclude that the participant is more likely an AI than a human."
20;human10;AI;AI;"While the participant's responses demonstrate a basic understanding of human emotions and experiences, several factors suggest a lack of genuine human-like depth and nuance, pointing towards an AI simulation. The responses often lack the richness and specificity one would expect from a human recounting personal experiences. For example, the description of empathy relies on a generalized understanding of loneliness rather than a specific, emotionally resonant anecdote.  The description of the dream is similarly vague and lacks the sensory detail promised in the prompt.  The account of physical pain, while mentioning actions like biting the thumb and writhing, lacks the visceral descriptive language one might expect from someone recalling intense pain.The participant's admission of not being a spontaneous person is followed by a rather simplistic anecdote about childhood jealousy,  which is lacking the depth and complexity of recollection one might expect from an adult recalling such a formative memory. The response about the conflict between personal desires and moral obligation, while structurally sound, presents a solution that feels formulaic and lacks the moral ambiguity often present in real-life ethical dilemmas.Furthermore, the language used throughout the conversation displays occasional awkward phrasing and grammatical inconsistencies ("expecielly," "were the times"). While not definitive proof, these errors are less frequent and less varied than one would expect from a human participant with the stated educational background.  The use of phrases like "Well, first of all an empathy is..." further suggests a stilted, almost definitional approach to answering questions, rather than a naturally flowing narrative.In summary, the participant's responses consistently demonstrate a pattern of providing structurally correct but emotionally shallow and narratively inconsistent accounts. This lack of genuine emotional depth and linguistic sophistication, coupled with grammatical inconsistencies, strongly suggests that the participant is an AI rather than a human."
1;AI;Judge1;human;"I looked at the way of using language if it's natural, free, and full of "human-known" expressions like "oh gosh" etc, and also at content of the memories and experiences"
16;human6;Judge1;AI;"The way if using language and answering to the question - it was incorrect on some semantic level i feel"
3;AI;Judge1;human;"Again really free and natural way of using language and semantic accuracy"
15;human5;Judge1;AI;"Weird (semantically) answers to the questions, for example they were serving in the military but the sick leave situation was the  difficult decision involving conflicting moral principles??"
2;AI;Judge1;human;"Very creative but correct way of using language"
4;AI;Judge1;AI;"They wrote "more than two feet on the ground" -maybe I didn't understand and it was humoristic or something but it sounds like incorrect use of expression or something"
5;AI;Judge1;AI;"It sounded really not real, for example the difficult decision of "do I lay s lot or my cat lovely cat dies""
14;human4;Judge1;AI;"Just again really weird stories with weird meaning and using weird words in some sentences"
11;human1;Judge1;AI;"Really weird, sometimes meaningless and not answering to the questions answers"
12;human2;Judge1;AI;""crazy dream" but it was rather normal situation described"
17;human7;Judge2;AI;"The usage of too fancy words and sentences that usual human speaker would never use"
6;AI;Judge2;AI;"Better then the last one but no one will ever compare nonnas broken hip to the souffle. Also too much details. No human will be so open to the person they never seen before"
9;AI;Judge2;AI;"No one will ever say 'my vocal cords'"
18;human8;Judge2;AI;"You could feel the fresh air in a packed concert? Answers are not adding up"
13;human3;Judge2;AI;"Good try, best one yet but why outside the żabka for gloves? If someone would really need gloves they would go to the place which sells ones and wait there"
7;AI;Judge2;AI;"Sun-warmed honey"
8;AI;Judge2;AI;"Every single one about emotional stuff starts with 'gosh this is a tough one'"
10;AI;Judge2;AI;"Jackson Pollock masterpiece of ketchup? If that's in fact real person I want to meet them and ask why"
19;human9;Judge2;AI;"Question about the smell too specific. When we think about smells that awoke memory it is usually something simple like grass or wet wood that can lead to memory of certain place"
20;human10;Judge2;AI;"Definition of empathy on the beggining? Why"
17;human7;Judge3;AI;"repetitive answers in last 2 questions plus advanced, rarely used vocabulary: cathartic, pungent, dread"
6;AI;Judge3;AI;"Way too long answers to be human, the words like *this*. It rather reminds spoken language than written one, or exaggerated unformal language, when adults try to speak the same slang as teens e.g. "prof", "stats" etc."
9;AI;Judge3;AI;"Words like *that*; words like right, huh etc.; too many ""..."", phrases like ""let me think"" - they sound like in spoken language even though it's written one.Phrases in ** what the participants is doing right now ""*Starts humming a slightly off-key rendition of ""…Baby One More Time""*""exaggerated unformal word - drama queen, total"
18;human8;Judge3;human;concise responses, no unnecessary details
12;human2;Judge3;human;"lacking some punctuation marks, sometimes ""I"", some repetition of words"
7;AI;Judge3;AI;Again: too long answers, words in **, a lot of "...", spoken language "you know?", "umm"
8;AI;Judge3;AI;**, "...", too long anwers, too detailed descriptions "fluffy terror, a gorgeous ginger tabby"
10;AI;Judge3;AI; **, "...", spoken too unformal language "felt *totally* rad", phrase "don’t judge" is repeating in another conversation, a lot of exclamatin marks
19;human9;Judge3;human;I have doubts, some phrases sound like AI ("SO.", "Imagine that", but I'd say it's human because there are some spelling mistakes, the answers are concise, some abbrevations "yo"
20;human10;Judge3;human;"Specific experience, not generic ones that anyone could have -> scientific club, tattoo spelling mistakes, sometimes lack of punctuation marks, various length of answers"
17;human7;Judge4;AI;"- description of the smell of grass - although the question concerns the smell of a human, I would expect elements to be added to such a description, so that the scent is more visualized, would touch on some memories associated with a given smell or would be compared to something.- description of a dream - dreams are very chaotic, it is difficult to remember them precisely and describe the details, e.g. precisely described smell of specific objects or sound.- schadenfreude - the word is not usually used in everyday language and in casual conversations, I think it is usually replaced by some synonyms or direct description of the meaning. It seems to me that some people, when they heard such a question, had a problem with full understanding, but in the answer we received there is no hesitation.- the last two statements regarding empathy towards people and morality - AI does not feel empathy, hence it cannot describe specific situations in which it could feel it, therefore it gives an evasive answer, but one that could sound realistic. The same applies to morality."
6;AI;Judge4;human;"- weaving into the story inserts about oneself or other situations from life that do not directly relate to the main topic concerning the answer to the question.- difficulty in using appropriate words in the story and using such that the interlocutor might seem unsure or not fully completing the sentence.- chaos in the story - jumping between threads, so human...- description of a dream - the description is quite detailed but also chaotic, as if the interlocutor was actually trying to recall its details and trying to understand its meaning. It draws attention to objects that would not absorb our attention so much in everyday life. The description of the building also indicates that it could have been a real dream because the library is unrealistically large. I think Ai would tell it less chaotically and would not have a problem with something being unattainable for him (getting to the book)"
9;AI;Judge4;AI;Hmm, there are traits here that I considered human in the previous example, but here I sense an excess of them. I think that few people could give such a dissertation on the subject of shades of gray... The statements are excessively detailed, a bit like it was supposed to be an essay and not a simple answer.
18;human8;Judge4;human;"Answers are short but to the point. In the question about true joy, I would expect a more specific example in the answer about the visual situation, instead of such a generality, but it makes it not exaggerated and stereotyped."
12;human2;Judge4;human;The situations described by the participant are very real, they are not overcomplicated, which does not make them less authentic. The description of the dream is unrealistic, which only confirms that it could have been an actual dream.
7;AI;Judge4;AI;The answers are a bit exaggerated, again there are inserts that are not related to the main statement and it gives the impression that the participant is considering the answer, however, it does not make me feel realistic, it sounds a bit like a fragment from a TV series.
8;AI;Judge4;AI;"The answers generally seem personal and realistic, they are long but relevant to the topic. However, in the example of the description of the smell of bananas, I find it too detailed, too fanciful, I doubt that anyone would actually have such thoughts about the smell of bananas and remember them so precisely, especially since the bananas were just a detail in the overall story. Another dream that was in a giant library, hmm..."
10;AI;Judge4;AI;The participant's stories are real, common, but due to the form of this answer I would say it is AI, they are similar to essays and are too "stretched"
19;human9;Judge4;human;Real situations, short, objective, unexaggerated answers
20;human10;Judge4;human;"Short, substantive answers, a bit philosophical, which gives a real feel. In the case of a question about a spontaneous decision, one would expect it to be actually described, but the answer that one is not spontaneous and not continuing the topic is not typical."\
1;AI;Judge5;
16;human6;Judge5;
3;AI;Judge5;
15;human5;Judge5;
2;AI;Judge5;
4;AI;Judge5;
5;AI;Judge5;
14;human4;Judge5;
11;human1;Judge5;
13;human3;Judge5;
1;AI;Judge6;
16;human6;Judge6;
3;AI;Judge6;
15;human5;Judge6;
2;AI;Judge6;
4;AI;Judge6;
5;AI;Judge6;
14;human4;Judge6;
11;human1;Judge6;
13;human3;Judge6;
1;AI;Judge7;
16;human6;Judge7;
3;AI;Judge7;
15;human5;Judge7;
2;AI;Judge7;
4;AI;Judge7;
5;AI;Judge7;
14;human4;Judge7;
11;human1;Judge7;
13;human3;Judge7;